{
    "bounds": [[0.1, 0.9], [0.1, 0.9]],
    "sequence_length": 320,
    "default_connectivity_radius": 0.015,
    "dim": 2,
    "dt": 0.0025,
    "vel_mean": [5.123277536458455e-06, -0.0009965205918140803],
    "vel_std": [0.0021978993231675805, 0.0026653552458701774],
    "acc_mean": [5.237611158734309e-07, 2.3633027988858656e-07],
    "acc_std": [0.0002582944917306106, 0.00029554531667679154]
}