{
  "bounds": [[0.1, 0.9], [0.2, 1.0], [0.1, 0.9]],
  "sequence_length": 320,
  "default_connectivity_radius": 0.025,
  "dim": 3,
  "dt": 0.016667,
  "vel_mean": [-0.0008581854160782851, 0.0002769924971183375, 3.627894883066897e-05],
  "vel_std": [0.005640423026834663, 0.001819772371462099, 0.00032802754656037963],
  "acc_mean": [-3.0597725175343876e-06, 5.239266616309064e-07, 1.1597224507570646e-07],
  "acc_std": [0.00046368235625544803, 0.0002825630623986743, 5.387368365345611e-05],
  "rigid_body_force_mean": [106.76889809241376, 62.90279422080724, -0.6227752068912397],
  "rigid_body_force_std": [91.22596030804071, 63.77560657547592, 2.0286788195323244],
  "rigid_body_ref_point": 7,
  "particles_rigid": 15,
  "mode_number": 8,
  "dataset_split":
  {
    "train":
      [218, 150, 144, 70, 244, 191, 250, 87, 90, 176, 65, 198, 71, 21, 218, 130, 174, 97, 176, 83, 24, 12, 39, 166, 137, 129, 148, 182, 16, 36, 31, 115, 71, 112, 41, 81, 124, 12, 24, 175, 69, 128, 236, 198, 176, 181, 148, 211, 145, 142, 29, 135, 195, 89, 175, 75, 62, 171, 31, 195, 214, 76, 169, 236, 47, 224, 42, 37, 100, 244, 38, 230, 77, 74, 44, 43, 28, 161, 195, 199, 40, 191, 198, 37, 249, 115, 125, 250, 26, 62, 197, 85, 21, 220, 72, 243, 143, 199, 29, 25, 81, 124, 229, 136, 148, 215, 14, 144, 125, 119, 83, 129, 180, 198, 24, 38, 189, 238, 165, 29, 125, 215, 128, 36, 79, 73, 28, 79, 195, 243, 162, 46, 243, 243, 148, 113, 190, 115, 73, 19, 117, 235, 94, 167, 85, 229, 119, 249, 176, 141, 82, 43, 222, 88, 74, 44, 171, 17, 167, 185, 12, 166, 137, 18, 14, 250, 117, 144, 246, 70, 33, 211, 217, 248, 82, 42, 212, 183, 193, 234, 77, 169],
    "valid":
      [186, 146, 216, 123, 213, 231, 22, 99, 78, 188, 118],
    "test":
      [240, 184, 179, 80, 192, 138, 194, 164, 170, 20]
  }
}