{"bounds": [[0.1, 0.9], [0.1, 0.9], [0.1, 0.7]], "sequence_length": 20, "default_connectivity_radius": 0.025, "dim": 3, "dt": 0.016667, "vel_mean": [-0.012491736908517067, -0.014534474819075776, -0.00033970243087771203], "vel_std": [0.003045012008943867, 0.0075078098320623884, 0.0001349019763417772], "acc_mean": [-0.044198440878595265, -0.02823687394400259, -0.0007807412760886722], "acc_std": [0.22638413335661614, 0.5153675349510691, 0.007196683810512052], "particle_number": 26945, "rigid_body_force_mean": [113.70841142857141, 263.68670476190476, -0.820171142857143], "rigid_body_force_std": [87.42234007580143, 84.61135280984368, 3.5765783302534295]}