{
    "bounds": [[0.1, 0.9], [0.1, 0.9], [0.1, 0.7]],
    "sequence_length": 10,
    "default_connectivity_radius": 0.025,
    "dim": 3,
    "dt": 0.016667,
    "vel_mean": [-0.0022783156800891256, -0.00428910395249589, -0.00023282182223046988],
    "vel_std": [0.0007602298361387634, 0.0014364642752430646, 7.870663109497729e-05],
    "acc_mean": [-0.017002931898310127, -0.030133843013544253, -0.0015591167192427662],
    "acc_std": [0.0471490396146117, 0.09373418892943468, 0.005101628265343681],
    "particle_number": 26945,
    "rigid_body_force_mean": [2.457270090909091, 6.339154181818182, -0.058841090909090905],
    "rigid_body_force_std": [3.7193194274051233, 9.319992818205005, 0.09380566700699963]
}
