{
  "bounds": [[0.1, 0.9], [0.2, 1.0], [0.1, 0.9]],
  "sequence_length": 320,
  "default_connectivity_radius": 0.025,
  "dim": 3,
  "dt": 0.016667,
  "vel_mean": [-1.2582949807318507e-05, -3.951090108132559e-05, 2.7279250086780817e-05],
  "vel_std": [0.00040844219256837413, 0.00019690172176568683, 8.821659076852709e-05],
  "acc_mean": [2.319120362444394e-07, -5.697184127512815e-08, 5.8126693948332734e-08],
  "acc_std": [3.357200213700755e-05, 2.1773748184093964e-05, 1.0190249481126927e-05],
  "context_mean": [5.010825688073387, 36.935779816513744, 119.18909272477072],
  "context_std": [3.4115418313224457, 5.291112904487395, 74.64793409553799],
  "rigid_body_force_mean": [-18.771850146531758, 49.14304972492783, -0.6192547436765838],
  "rigid_body_force_std": [24.90318452965122, 39.521178752246975, 1.4447812407364407],
  "rigid_body_ref_point": null,
  "particles_rigid": 16,
  "mode_number": 8,
  "dataset_split":
  {
    "train":
      [222, 2, 114, 150, 42, 224, 200, 74, 193, 115, 195, 198, 119, 77, 45, 37, 41, 126, 31, 178, 166, 118, 187, 173, 6, 149, 229, 174, 25, 146, 114, 175, 197, 61, 60, 11, 52, 197, 238, 11, 167, 73, 18, 3, 158, 42, 150, 179, 236, 38, 223, 36, 12, 33, 133, 25, 135, 177, 191, 45, 88, 91, 38, 161, 149, 118, 78, 37, 88, 143, 92, 241, 205, 63, 162, 163, 31, 182, 209, 117, 63, 133, 86, 197, 46, 230, 8, 209, 121, 221, 178, 115, 97, 218, 147, 53, 105, 3, 140, 64, 179, 159, 41, 233, 113, 59, 161, 17, 5, 145, 150, 15, 3, 77, 40, 99, 212, 19, 113, 27, 150, 115, 93, 162, 153, 195, 100, 38, 90, 157, 243, 59, 72, 156, 49, 141, 81, 40, 143, 207, 91, 40, 197, 228, 99, 91, 87, 213, 33, 169, 153, 109, 209, 34, 236, 92, 214, 39, 114, 129, 192, 151, 126, 241, 43, 211, 239, 233, 108, 88, 106, 197, 153, 170, 223, 169, 98, 146, 226, 223, 92, 145, 24, 187, 96, 16, 81, 51, 117, 155, 14, 32, 26, 128, 159, 199, 167, 167, 76, 28, 5, 81, 115, 117, 178, 240, 176, 174, 122, 123, 129, 49, 221, 123, 243, 222, 215, 198],
    "valid":
      [44, 9, 154, 137, 103, 23, 107, 112, 58, 203, 56, 134],
    "test":
      [66, 50, 30, 66, 139, 231, 83, 7, 67, 139, 80, 144]
  }
}